case,nodes,samples,median_ms,max_ms,search_max_ms,fallbacks
regular,12,20,18.43,22.77,8.54,9
erdos,12,20,15.57,22.2,2.71,20
blocks,12,20,15.44,20.12,6.21,19
regular,36,20,108.14,127.1,29.34,9
erdos,36,20,98.78,100.84,1.49,20
blocks,36,20,92.12,103.78,1.6,20
regular,60,20,257.15,293.42,27.86,11
erdos,60,20,256.65,276.26,2.31,20
blocks,60,20,241.47,272.42,2.01,20
bipartite_stress,20,1,59.42,59.42,59.42,0
bipartite_stress,40,1,150.15,150.15,150.15,1
bipartite_stress,80,1,150.16,150.16,150.16,1
bipartite_stress,120,1,150.28,150.28,150.28,1
